<?xml version="1.0" encoding="UTF-8"?>
<project-private xmlns="http://www.netbeans.org/ns/project-private/1">
    <editor-bookmarks xmlns="http://www.netbeans.org/ns/editor-bookmarks/2" lastBookmarkId="0"/>
    <open-files xmlns="http://www.netbeans.org/ns/projectui-open-files/2">
        <group>
            <file>file:/C:/xampp/htdocs/Zarovizsga_N/classes/Model.php</file>
            <file>file:/C:/xampp/htdocs/Zarovizsga_N/classes/Controller.php</file>
            <file>file:/C:/xampp/htdocs/Zarovizsga_N/templates/login.html</file>
            <file>file:/C:/xampp/htdocs/Zarovizsga_N/assets/main.js</file>
            <file>file:/C:/xampp/htdocs/Zarovizsga_N/templates/index.html</file>
        </group>
    </open-files>
</project-private>
